时间,用户名,命令,参数
2025-07-31 09:31:08.732,jiangjianjun,USER,jiangjianjun
2025-07-31 09:31:08.733,jiangjianjun,PASS,^$Cip@e$hGD5
2025-07-31 09:31:08.735,jiangjianjun,PASV,
2025-07-31 09:31:08.736,jiangjianjun,STOR,RES361457.pdf
2025-07-31 09:31:08.771,jiangjianjun,PASV,
2025-07-31 09:31:08.772,jiangjianjun,STOR,RES361457.sha256
2025-07-31 09:31:08.790,jiangjianjun,USER,jiangjianjun
2025-07-31 09:31:08.790,jiangjianjun,PASS,^$Cip@e$hGD5
2025-07-31 09:31:08.792,jiangjianjun,PASV,
2025-07-31 09:31:08.793,jiangjianjun,STOR,RES223736.pdf
2025-07-31 09:31:08.835,jiangjianjun,PASV,
2025-07-31 09:31:08.836,jiangjianjun,STOR,RES223736.sha256
2025-07-31 09:31:08.853,zhangdan,USER,zhangdan
2025-07-31 09:31:08.854,zhangdan,PASS,TbMX*cQFK8@5
2025-07-31 09:31:08.855,zhangdan,PASV,
2025-07-31 09:31:08.856,zhangdan,STOR,RES392787.pdf
2025-07-31 09:31:08.902,zhangdan,PASV,
2025-07-31 09:31:08.904,zhangdan,STOR,RES392787.sha256
2025-07-31 09:31:08.919,chenqian,USER,chenqian
2025-07-31 09:31:08.919,chenqian,PASS,2A*NkSG5l@*D
2025-07-31 09:31:08.921,chenqian,PASV,
2025-07-31 09:31:08.922,chenqian,STOR,RES136432.pdf
2025-07-31 09:31:08.969,chenqian,PASV,
2025-07-31 09:31:08.971,chenqian,STOR,RES136432.sha256
2025-07-31 09:31:08.988,molin,USER,molin
2025-07-31 09:31:08.988,molin,PASS,kzur*zRotJ8A
2025-07-31 09:31:08.990,molin,PASV,
2025-07-31 09:31:08.992,molin,STOR,RES900648.pdf
2025-07-31 09:31:09.034,molin,PASV,
2025-07-31 09:31:09.035,molin,STOR,RES900648.sha256
2025-07-31 09:31:09.050,langxiulan,USER,langxiulan
2025-07-31 09:31:09.051,langxiulan,PASS,3!dDQ@x8pR5m
2025-07-31 09:31:09.054,langxiulan,PASV,
2025-07-31 09:31:09.055,langxiulan,STOR,RES279114.pdf
2025-07-31 09:31:09.101,langxiulan,PASV,
2025-07-31 09:31:09.102,langxiulan,STOR,RES279114.sha256
2025-07-31 09:31:09.118,hehongmei,USER,hehongmei
2025-07-31 09:31:09.119,hehongmei,PASS,Ar*VRby&99%5
2025-07-31 09:31:09.123,hehongmei,PASV,
2025-07-31 09:31:09.124,hehongmei,STOR,RES206178.pdf
2025-07-31 09:31:09.175,hehongmei,PASV,
2025-07-31 09:31:09.176,hehongmei,STOR,RES206178.sha256
2025-07-31 09:31:09.194,sunhui,USER,sunhui
2025-07-31 09:31:09.195,sunhui,PASS,Vd6Y%k291tmr
2025-07-31 09:31:09.197,sunhui,PASV,
2025-07-31 09:31:09.198,sunhui,STOR,RES646690.pdf
2025-07-31 09:31:09.249,sunhui,PASV,
2025-07-31 09:31:09.251,sunhui,STOR,RES646690.sha256
2025-07-31 09:31:09.268,jiayan,USER,jiayan
2025-07-31 09:31:09.268,jiayan,PASS,EgvRui%3s%%$
2025-07-31 09:31:09.272,jiayan,PASV,
2025-07-31 09:31:09.273,jiayan,STOR,RES868448.pdf
2025-07-31 09:31:09.323,jiayan,PASV,
2025-07-31 09:31:09.325,jiayan,STOR,RES868448.sha256
2025-07-31 09:31:09.342,langxiulan,USER,langxiulan
2025-07-31 09:31:09.342,langxiulan,PASS,3!dDQ@x8pR5m
2025-07-31 09:31:09.345,langxiulan,PASV,
2025-07-31 09:31:09.347,langxiulan,STOR,RES983988.pdf
2025-07-31 09:31:09.383,langxiulan,PASV,
2025-07-31 09:31:09.384,langxiulan,STOR,RES983988.sha256
2025-07-31 09:31:09.401,xieguiying,USER,xieguiying
2025-07-31 09:31:09.401,xieguiying,PASS,b^gFH&79fKsb
2025-07-31 09:31:09.404,xieguiying,PASV,
2025-07-31 09:31:09.405,xieguiying,STOR,RES592776.pdf
2025-07-31 09:31:09.451,xieguiying,PASV,
2025-07-31 09:31:09.453,xieguiying,STOR,RES592776.sha256
2025-07-31 09:31:09.468,wangyulan,USER,wangyulan
2025-07-31 09:31:09.469,wangyulan,PASS,yK8Jny6#!lXP
2025-07-31 09:31:09.470,wangyulan,PASV,
2025-07-31 09:31:09.471,wangyulan,STOR,OITt4ptLko42TT2rcy5r2cDwDduWpK.eml
2025-07-31 09:31:09.486,jiangjianjun,USER,jiangjianjun
2025-07-31 09:31:09.488,jiangjianjun,PASS,^$Cip@e$hGD5
2025-07-31 09:31:09.489,jiangjianjun,PASV,
2025-07-31 09:31:09.490,jiangjianjun,STOR,RES932061.pdf
2025-07-31 09:31:09.528,jiangjianjun,PASV,
2025-07-31 09:31:09.530,jiangjianjun,STOR,RES932061.sha256
2025-07-31 09:31:09.545,xieguiying,USER,xieguiying
2025-07-31 09:31:09.546,xieguiying,PASS,b^gFH&79fKsb
2025-07-31 09:31:09.548,xieguiying,PASV,
2025-07-31 09:31:09.549,xieguiying,STOR,RES461068.pdf
2025-07-31 09:31:09.594,xieguiying,PASV,
2025-07-31 09:31:09.595,xieguiying,STOR,RES461068.sha256
2025-07-31 09:31:09.612,leiyu963,USER,leiyu963
2025-07-31 09:31:09.613,leiyu963,PASS,1NGfGvhVCf@
2025-07-31 09:31:09.614,leiyu963,PASV,
2025-07-31 09:31:09.615,leiyu963,STOR,8vAIih5B9o8RULEcQcXVCvBiAT5G5lzqgBweB0DRjC3DZZZ9XtqC.eml
2025-07-31 09:31:09.632,hehongmei,USER,hehongmei
2025-07-31 09:31:09.632,hehongmei,PASS,Ar*VRby&99%5
2025-07-31 09:31:09.636,hehongmei,PASV,
2025-07-31 09:31:09.637,hehongmei,STOR,RES636474.pdf
2025-07-31 09:31:09.702,sunhui,USER,sunhui
2025-07-31 09:31:09.703,sunhui,PASS,Vd6Y%k291tmr
2025-07-31 09:31:09.705,sunhui,PASV,
2025-07-31 09:31:09.707,sunhui,STOR,RES686752.pdf
2025-07-31 09:31:09.814,sunhui,PASV,
2025-07-31 09:31:09.815,sunhui,STOR,RES686752.sha256
2025-07-31 09:31:09.831,sunrui573,USER,sunrui573
2025-07-31 09:31:09.831,sunrui573,PASS,fPDUM^zXZDG
2025-07-31 09:31:09.832,sunrui573,PASV,
2025-07-31 09:31:09.833,sunrui573,STOR,CWAD6u1ArILKemNZLgTpRloMcNDk8Cd1iLw1r1JFz9AaH47s4Q33b.eml
2025-07-31 09:31:09.850,guanshuying,USER,guanshuying
2025-07-31 09:31:09.850,guanshuying,PASS,xlW4&DloQ6^6
2025-07-31 09:31:09.854,guanshuying,PASV,
2025-07-31 09:31:09.855,guanshuying,STOR,RES420430.pdf
2025-07-31 09:31:09.903,guanshuying,PASV,
2025-07-31 09:31:09.904,guanshuying,STOR,RES420430.sha256
2025-07-31 09:31:09.920,liying,USER,liying
2025-07-31 09:31:09.921,liying,PASS,@MkPuA1x1F#g
2025-07-31 09:31:09.923,liying,PASV,
2025-07-31 09:31:09.924,liying,STOR,RES640661.pdf
2025-07-31 09:31:09.962,liying,PASV,
2025-07-31 09:31:09.964,liying,STOR,RES640661.sha256
2025-07-31 09:31:09.979,jiahongxia,USER,jiahongxia
2025-07-31 09:31:09.980,jiahongxia,PASS,j2Lk!Rd1!V^Q
2025-07-31 09:31:09.981,jiahongxia,PASV,
2025-07-31 09:31:09.983,jiahongxia,STOR,RES435637.pdf
2025-07-31 09:31:10.019,jiahongxia,PASV,
2025-07-31 09:31:10.019,jiahongxia,STOR,RES435637.sha256
2025-07-31 09:31:10.033,maguilan685,USER,maguilan685
2025-07-31 09:31:10.036,maguilan685,PASS,jvUkyOEUq7bd
2025-07-31 09:31:10.037,maguilan685,PASV,
2025-07-31 09:31:10.038,maguilan685,STOR,7g9szvsRrfKsHXXQbqQC8Hgafm84UvMJ7ELuIKIStPm5R2.eml
2025-07-31 09:31:10.053,hehongmei,USER,hehongmei
2025-07-31 09:31:10.054,hehongmei,PASS,Ar*VRby&99%5
2025-07-31 09:31:10.056,hehongmei,PASV,
2025-07-31 09:31:10.057,hehongmei,STOR,RES137461.pdf
2025-07-31 09:31:10.094,hehongmei,PASV,
2025-07-31 09:31:10.095,hehongmei,STOR,RES137461.sha256
2025-07-31 09:31:10.110,jihui,USER,jihui
2025-07-31 09:31:10.111,jihui,PASS,^IhH3f5Xtm69
2025-07-31 09:31:10.112,jihui,PASV,
2025-07-31 09:31:10.113,jihui,STOR,RES365125.pdf
2025-07-31 09:31:10.155,jihui,PASV,
2025-07-31 09:31:10.156,jihui,STOR,RES365125.sha256
2025-07-31 09:31:10.172,sunhui,USER,sunhui
2025-07-31 09:31:10.173,sunhui,PASS,Vd6Y%k291tmr
2025-07-31 09:31:10.174,sunhui,PASV,
2025-07-31 09:31:10.176,sunhui,STOR,RES917525.pdf
2025-07-31 09:31:10.208,sunhui,PASV,
2025-07-31 09:31:10.210,sunhui,STOR,RES917525.sha256
2025-07-31 09:31:10.225,shifeng,USER,shifeng
2025-07-31 09:31:10.225,shifeng,PASS,XXfMKf@3!WrR
2025-07-31 09:31:10.227,shifeng,PASV,
2025-07-31 09:31:10.227,shifeng,STOR,RES811407.pdf
2025-07-31 09:31:10.261,shifeng,PASV,
2025-07-31 09:31:10.263,shifeng,STOR,RES811407.sha256
2025-07-31 09:31:10.278,chenfei,USER,chenfei
2025-07-31 09:31:10.279,chenfei,PASS,Yj^sR4%z*Wh5
2025-07-31 09:31:10.280,chenfei,PASV,
2025-07-31 09:31:10.281,chenfei,STOR,RES943463.pdf
2025-07-31 09:31:10.329,chenfei,PASV,
2025-07-31 09:31:10.330,chenfei,STOR,RES943463.sha256
2025-07-31 09:31:10.345,haogang,USER,haogang
2025-07-31 09:31:10.346,haogang,PASS,hxU$5RDtI3jH
2025-07-31 09:31:10.348,haogang,PASV,
2025-07-31 09:31:10.350,haogang,STOR,RES413168.pdf
2025-07-31 09:31:10.387,haogang,PASV,
2025-07-31 09:31:10.388,haogang,STOR,RES413168.sha256
2025-07-31 09:31:10.404,hehongmei,USER,hehongmei
2025-07-31 09:31:10.404,hehongmei,PASS,Ar*VRby&99%5
2025-07-31 09:31:10.406,hehongmei,PASV,
2025-07-31 09:31:10.406,hehongmei,STOR,RES803383.pdf
2025-07-31 09:31:10.448,hehongmei,PASV,
2025-07-31 09:31:10.449,hehongmei,STOR,RES803383.sha256
2025-07-31 09:31:10.465,liaoming724,USER,liaoming724
2025-07-31 09:31:10.466,liaoming724,PASS,CKh0Z$7J
2025-07-31 09:31:10.467,liaoming724,PASV,
2025-07-31 09:31:10.468,liaoming724,STOR,C5OIftnvTAXc7VLqYQ0GeaUUIltiOMAITB2u87J3Ht.eml
2025-07-31 09:31:10.483,leiyu963,USER,leiyu963
2025-07-31 09:31:10.483,leiyu963,PASS,1NGfGvhVCf@
2025-07-31 09:31:10.484,leiyu963,PASV,
2025-07-31 09:31:10.485,leiyu963,STOR,kGQsrpgoktCAvkcNhuzBqNSEfSRCQWJCrGIMG4FUFbpVadfq4sd0.eml
2025-07-31 09:31:10.501,xieguiying,USER,xieguiying
2025-07-31 09:31:10.502,xieguiying,PASS,b^gFH&79fKsb
2025-07-31 09:31:10.504,xieguiying,PASV,
2025-07-31 09:31:10.505,xieguiying,STOR,RES961629.pdf
2025-07-31 09:31:10.546,xieguiying,PASV,
2025-07-31 09:31:10.548,xieguiying,STOR,RES961629.sha256
2025-07-31 09:31:10.563,sunhui,USER,sunhui
2025-07-31 09:31:10.563,sunhui,PASS,Vd6Y%k291tmr
2025-07-31 09:31:10.564,sunhui,PASV,
2025-07-31 09:31:10.565,sunhui,STOR,oHE1u4Uv1qdjMKnh6TR6qSFO.eml
2025-07-31 09:31:10.582,maguilan685,USER,maguilan685
2025-07-31 09:31:10.583,maguilan685,PASS,jvUkyOEUq7bd
2025-07-31 09:31:10.583,maguilan685,PASV,
2025-07-31 09:31:10.584,maguilan685,STOR,OITt4ptLko42TT2rcy5r2cDwDduWpK.eml
2025-07-31 09:31:10.601,shifeng,USER,shifeng
2025-07-31 09:31:10.602,shifeng,PASS,XXfMKf@3!WrR
2025-07-31 09:31:10.604,shifeng,PASV,
2025-07-31 09:31:10.605,shifeng,STOR,RES242128.pdf
2025-07-31 09:31:10.642,shifeng,PASV,
2025-07-31 09:31:10.643,shifeng,STOR,RES242128.sha256
2025-07-31 09:31:10.659,dongjianhua,USER,dongjianhua
2025-07-31 09:31:10.659,dongjianhua,PASS,rEg%%^3vZiv3
2025-07-31 09:31:10.660,dongjianhua,PASV,
2025-07-31 09:31:10.661,dongjianhua,STOR,RES365867.pdf
2025-07-31 09:31:10.698,dongjianhua,PASV,
2025-07-31 09:31:10.700,dongjianhua,STOR,RES365867.sha256
2025-07-31 09:31:10.716,yuyong,USER,yuyong
2025-07-31 09:31:10.717,yuyong,PASS,JRu$9lTcDi#s
2025-07-31 09:31:10.718,yuyong,PASV,
2025-07-31 09:31:10.719,yuyong,STOR,RES115756.pdf
2025-07-31 09:31:10.770,zhanglong,USER,zhanglong
2025-07-31 09:31:10.771,zhanglong,PASS,tNk7r@#g1L&l
2025-07-31 09:31:10.772,zhanglong,PASV,
2025-07-31 09:31:10.773,zhanglong,STOR,RES274988.pdf
2025-07-31 09:31:10.815,zhanglong,PASV,
2025-07-31 09:31:10.816,zhanglong,STOR,RES274988.sha256
2025-07-31 09:31:10.832,liunan,USER,liunan
2025-07-31 09:31:10.832,liunan,PASS,YJ48QBjWG^50
2025-07-31 09:31:10.836,liunan,PASV,
2025-07-31 09:31:10.836,liunan,STOR,RES228055.pdf
2025-07-31 09:31:10.875,liunan,PASV,
2025-07-31 09:31:10.876,liunan,STOR,RES228055.sha256
2025-07-31 09:31:10.893,leiyu963,USER,leiyu963
2025-07-31 09:31:10.894,leiyu963,PASS,1NGfGvhVCf@
2025-07-31 09:31:10.895,leiyu963,PASV,
2025-07-31 09:31:10.896,leiyu963,STOR,RpKmmAD8nI2jIg19yra4kSWg8G.eml
2025-07-31 09:31:10.912,jiayan,USER,jiayan
2025-07-31 09:31:10.913,jiayan,PASS,EgvRui%3s%%$
2025-07-31 09:31:10.915,jiayan,PASV,
2025-07-31 09:31:10.915,jiayan,STOR,RES364261.pdf
2025-07-31 09:31:10.983,jiangjianjun,USER,jiangjianjun
2025-07-31 09:31:10.984,jiangjianjun,PASS,^$Cip@e$hGD5
2025-07-31 09:31:10.988,jiangjianjun,PASV,
2025-07-31 09:31:10.989,jiangjianjun,STOR,RES591259.pdf
2025-07-31 09:31:11.033,jiangjianjun,PASV,
2025-07-31 09:31:11.033,jiangjianjun,STOR,RES591259.sha256
2025-07-31 09:31:11.049,guli,USER,guli
2025-07-31 09:31:11.049,guli,PASS,5xL9Zh#e2PRa
2025-07-31 09:31:11.053,guli,PASV,
2025-07-31 09:31:11.053,guli,STOR,RES578840.pdf
2025-07-31 09:31:11.092,guli,PASV,
2025-07-31 09:31:11.093,guli,STOR,RES578840.sha256
2025-07-31 09:31:11.108,sunhui,USER,sunhui
2025-07-31 09:31:11.110,sunhui,PASS,Vd6Y%k291tmr
2025-07-31 09:31:11.111,sunhui,PASV,
2025-07-31 09:31:11.111,sunhui,STOR,iMb4aWmioBB2jj1hGIF3OrAFpY9B.eml
2025-07-31 09:31:11.126,chenfei,USER,chenfei
2025-07-31 09:31:11.128,chenfei,PASS,Yj^sR4%z*Wh5
2025-07-31 09:31:11.129,chenfei,PASV,
2025-07-31 09:31:11.130,chenfei,STOR,RES114358.pdf
2025-07-31 09:31:11.165,chenfei,PASV,
2025-07-31 09:31:11.166,chenfei,STOR,RES114358.sha256
2025-07-31 09:31:11.181,guli,USER,guli
2025-07-31 09:31:11.182,guli,PASS,5xL9Zh#e2PRa
2025-07-31 09:31:11.240,guli,PASV,
2025-07-31 09:31:11.241,guli,STOR,RES124893.pdf
2025-07-31 09:31:11.277,guli,PASV,
2025-07-31 09:31:11.279,guli,STOR,RES124893.sha256
2025-07-31 09:31:11.295,liying,USER,liying
2025-07-31 09:31:11.295,liying,PASS,@MkPuA1x1F#g
2025-07-31 09:31:11.297,liying,PASV,
2025-07-31 09:31:11.298,liying,STOR,RES967383.pdf
2025-07-31 09:31:11.331,liying,PASV,
2025-07-31 09:31:11.333,liying,STOR,RES967383.sha256
2025-07-31 09:31:11.349,wangyulan,USER,wangyulan
2025-07-31 09:31:11.349,wangyulan,PASS,yK8Jny6#!lXP
2025-07-31 09:31:11.350,wangyulan,PASV,
2025-07-31 09:31:11.352,wangyulan,STOR,RES119211.pdf
2025-07-31 09:31:11.392,wangyulan,PASV,
2025-07-31 09:31:11.393,wangyulan,STOR,RES119211.sha256
2025-07-31 09:31:11.408,hehongmei,USER,hehongmei
2025-07-31 09:31:11.409,hehongmei,PASS,Ar*VRby&99%5
2025-07-31 09:31:11.412,hehongmei,PASV,
2025-07-31 09:31:11.412,hehongmei,STOR,RES275652.pdf
2025-07-31 09:31:11.460,hehongmei,PASV,
2025-07-31 09:31:11.462,hehongmei,STOR,RES275652.sha256
2025-07-31 09:31:11.479,dongjianhua,USER,dongjianhua
2025-07-31 09:31:11.480,dongjianhua,PASS,rEg%%^3vZiv3
2025-07-31 09:31:11.481,dongjianhua,PASV,
2025-07-31 09:31:11.482,dongjianhua,STOR,RES799154.pdf
2025-07-31 09:31:11.528,dongjianhua,PASV,
2025-07-31 09:31:11.529,dongjianhua,STOR,RES799154.sha256
2025-07-31 09:31:11.543,wangyulan,USER,wangyulan
2025-07-31 09:31:11.544,wangyulan,PASS,yK8Jny6#!lXP
2025-07-31 09:31:11.545,wangyulan,PASV,
2025-07-31 09:31:11.546,wangyulan,STOR,Nls610oPuPx6Vub8bYdb2P0H6X4rNJEDxePYuIketJp17qWI.eml
2025-07-31 09:31:11.562,yangmin,USER,yangmin
2025-07-31 09:31:11.563,yangmin,PASS,Nzuds^0J0naR
2025-07-31 09:31:11.564,yangmin,PASV,
2025-07-31 09:31:11.565,yangmin,STOR,RES853449.pdf
2025-07-31 09:31:11.605,yangmin,PASV,
2025-07-31 09:31:11.606,yangmin,STOR,RES853449.sha256
2025-07-31 09:31:11.622,leiyu963,USER,leiyu963
2025-07-31 09:31:11.622,leiyu963,PASS,1NGfGvhVCf@
2025-07-31 09:31:11.624,leiyu963,PASV,
2025-07-31 09:31:11.624,leiyu963,STOR,BQYh5MtP4Y4t4cBh.eml
2025-07-31 09:31:11.639,wangyulan,USER,wangyulan
2025-07-31 09:31:11.640,wangyulan,PASS,yK8Jny6#!lXP
2025-07-31 09:31:11.641,wangyulan,PASV,
2025-07-31 09:31:11.642,wangyulan,STOR,pJejl5FadcCVye1Cwz2.eml
2025-07-31 09:31:11.658,jiayan,USER,jiayan
2025-07-31 09:31:11.658,jiayan,PASS,EgvRui%3s%%$
2025-07-31 09:31:11.662,jiayan,PASV,
2025-07-31 09:31:11.663,jiayan,STOR,RES214968.pdf
2025-07-31 09:31:11.702,jiayan,PASV,
2025-07-31 09:31:11.704,jiayan,STOR,RES214968.sha256
2025-07-31 09:31:11.720,nanjun,USER,nanjun
2025-07-31 09:31:11.721,nanjun,PASS,%p4@Dc3H9NM*
2025-07-31 09:31:11.722,nanjun,PASV,
2025-07-31 09:31:11.724,nanjun,STOR,RES514331.pdf
2025-07-31 09:31:11.761,nanjun,PASV,
2025-07-31 09:31:11.762,nanjun,STOR,RES514331.sha256
2025-07-31 09:31:11.777,mahui,USER,mahui
2025-07-31 09:31:11.778,mahui,PASS,^GiPdO45QM2P
2025-07-31 09:31:11.779,mahui,PASV,
2025-07-31 09:31:11.781,mahui,STOR,RES645563.pdf
2025-07-31 09:31:11.819,mahui,PASV,
2025-07-31 09:31:11.820,mahui,STOR,RES645563.sha256
2025-07-31 09:31:11.836,leiyu963,USER,leiyu963
2025-07-31 09:31:11.837,leiyu963,PASS,1NGfGvhVCf@
2025-07-31 09:31:11.838,leiyu963,PASV,
2025-07-31 09:31:11.839,leiyu963,STOR,lqZhui2hlhIuYovvUHzIw0eA72JgS8Cos.eml
2025-07-31 09:31:11.855,sunhui,USER,sunhui
2025-07-31 09:31:11.855,sunhui,PASS,Vd6Y%k291tmr
2025-07-31 09:31:11.857,sunhui,PASV,
2025-07-31 09:31:11.858,sunhui,STOR,RES752352.pdf
2025-07-31 09:31:11.892,sunhui,PASV,
2025-07-31 09:31:11.893,sunhui,STOR,RES752352.sha256
2025-07-31 09:31:11.908,molin,USER,molin
2025-07-31 09:31:11.908,molin,PASS,kzur*zRotJ8A
2025-07-31 09:31:11.911,molin,PASV,
2025-07-31 09:31:11.911,molin,STOR,RES550565.pdf
2025-07-31 09:31:11.951,molin,PASV,
2025-07-31 09:31:11.952,molin,STOR,RES550565.sha256
2025-07-31 09:31:11.967,nanjun,USER,nanjun
2025-07-31 09:31:11.967,nanjun,PASS,%p4@Dc3H9NM*
2025-07-31 09:31:11.969,nanjun,PASV,
2025-07-31 09:31:11.971,nanjun,STOR,RES794870.pdf
2025-07-31 09:31:12.026,jiayan,USER,jiayan
2025-07-31 09:31:12.027,jiayan,PASS,EgvRui%3s%%$
2025-07-31 09:31:12.028,jiayan,PASV,
2025-07-31 09:31:12.029,jiayan,STOR,RES817873.pdf
2025-07-31 09:31:12.069,jiayan,PASV,
2025-07-31 09:31:12.070,jiayan,STOR,RES817873.sha256
2025-07-31 09:31:12.086,leiyu963,USER,leiyu963
2025-07-31 09:31:12.086,leiyu963,PASS,1NGfGvhVCf@
2025-07-31 09:31:12.087,leiyu963,PASV,
2025-07-31 09:31:12.088,leiyu963,STOR,Tay2ndRRqlRzJgxOAXntPARizb5C5CFZVDawCuBjfF11wAu.eml
2025-07-31 09:31:12.105,jihui,USER,jihui
2025-07-31 09:31:12.106,jihui,PASS,^IhH3f5Xtm69
2025-07-31 09:31:12.107,jihui,PASV,
2025-07-31 09:31:12.108,jihui,STOR,RES946364.pdf
2025-07-31 09:31:12.151,jihui,PASV,
2025-07-31 09:31:12.152,jihui,STOR,RES946364.sha256
2025-07-31 09:31:12.168,jiahongxia,USER,jiahongxia
2025-07-31 09:31:12.169,jiahongxia,PASS,j2Lk!Rd1!V^Q
2025-07-31 09:31:12.171,jiahongxia,PASV,
2025-07-31 09:31:12.172,jiahongxia,STOR,RES342693.pdf
2025-07-31 09:31:12.211,jiahongxia,PASV,
2025-07-31 09:31:12.211,jiahongxia,STOR,RES342693.sha256
2025-07-31 09:31:12.229,zhanglong,USER,zhanglong
2025-07-31 09:31:12.229,zhanglong,PASS,tNk7r@#g1L&l
2025-07-31 09:31:12.230,zhanglong,PASV,
2025-07-31 09:31:12.231,zhanglong,STOR,RES559311.pdf
2025-07-31 09:31:12.270,zhanglong,PASV,
2025-07-31 09:31:12.271,zhanglong,STOR,RES559311.sha256
2025-07-31 09:31:12.287,yangmin,USER,yangmin
2025-07-31 09:31:12.287,yangmin,PASS,Nzuds^0J0naR
2025-07-31 09:31:12.289,yangmin,PASV,
2025-07-31 09:31:12.289,yangmin,STOR,RES802786.pdf
2025-07-31 09:31:12.325,yangmin,PASV,
2025-07-31 09:31:12.326,yangmin,STOR,RES802786.sha256
2025-07-31 09:31:12.340,haogang,USER,haogang
2025-07-31 09:31:12.341,haogang,PASS,hxU$5RDtI3jH
2025-07-31 09:31:12.342,haogang,PASV,
2025-07-31 09:31:12.344,haogang,STOR,RES657674.pdf
2025-07-31 09:31:12.383,haogang,PASV,
2025-07-31 09:31:12.384,haogang,STOR,RES657674.sha256
2025-07-31 09:31:12.400,gaoming,USER,gaoming
2025-07-31 09:31:12.400,gaoming,PASS,2ov&*f2T@H!i
2025-07-31 09:31:12.402,gaoming,PASV,
2025-07-31 09:31:12.403,gaoming,STOR,RES374459.pdf
2025-07-31 09:31:12.444,gaoming,PASV,
2025-07-31 09:31:12.446,gaoming,STOR,RES374459.sha256
2025-07-31 09:31:12.462,guanshuying,USER,guanshuying
2025-07-31 09:31:12.463,guanshuying,PASS,xlW4&DloQ6^6
2025-07-31 09:31:12.464,guanshuying,PASV,
2025-07-31 09:31:12.465,guanshuying,STOR,RES758196.pdf
2025-07-31 09:31:12.505,guanshuying,PASV,
2025-07-31 09:31:12.507,guanshuying,STOR,RES758196.sha256
2025-07-31 09:31:12.522,liunan,USER,liunan
2025-07-31 09:31:12.522,liunan,PASS,YJ48QBjWG^50
2025-07-31 09:31:12.524,liunan,PASV,
2025-07-31 09:31:12.525,liunan,STOR,RES487036.pdf
2025-07-31 09:31:12.635,liunan,PASV,
2025-07-31 09:31:12.635,liunan,STOR,RES487036.sha256
2025-07-31 09:31:12.651,liaoming724,USER,liaoming724
2025-07-31 09:31:12.652,liaoming724,PASS,CKh0Z$7J
2025-07-31 09:31:12.652,liaoming724,PASV,
2025-07-31 09:31:12.653,liaoming724,STOR,SOEpjCzBB8O8DTweAt4UqLro6xvkbTMeP6Q.eml
2025-07-31 09:31:12.669,yangxin,USER,yangxin
2025-07-31 09:31:12.670,yangxin,PASS,WfE@38LYTc3X
2025-07-31 09:31:12.671,yangxin,PASV,
2025-07-31 09:31:12.672,yangxin,STOR,RES227268.pdf
2025-07-31 09:31:12.708,yangxin,PASV,
2025-07-31 09:31:12.709,yangxin,STOR,RES227268.sha256
2025-07-31 09:31:12.725,chenqian,USER,chenqian
2025-07-31 09:31:12.726,chenqian,PASS,2A*NkSG5l@*D
2025-07-31 09:31:12.729,chenqian,PASV,
2025-07-31 09:31:12.729,chenqian,STOR,RES489550.pdf
2025-07-31 09:31:12.771,chenqian,PASV,
2025-07-31 09:31:12.772,chenqian,STOR,RES489550.sha256
2025-07-31 09:31:12.787,wangyulan,USER,wangyulan
2025-07-31 09:31:12.787,wangyulan,PASS,yK8Jny6#!lXP
2025-07-31 09:31:12.788,wangyulan,PASV,
2025-07-31 09:31:12.789,wangyulan,STOR,Op1ovAPErgTYbShrBoLvaUrEuRp0EsGi8or.eml
2025-07-31 09:31:12.805,gaoming,USER,gaoming
2025-07-31 09:31:12.805,gaoming,PASS,2ov&*f2T@H!i
2025-07-31 09:31:12.807,gaoming,PASV,
2025-07-31 09:31:12.808,gaoming,STOR,RES642513.pdf
2025-07-31 09:31:12.845,gaoming,PASV,
2025-07-31 09:31:12.846,gaoming,STOR,RES642513.sha256
2025-07-31 09:31:12.862,dongjianhua,USER,dongjianhua
2025-07-31 09:31:12.863,dongjianhua,PASS,rEg%%^3vZiv3
2025-07-31 09:31:12.864,dongjianhua,PASV,
2025-07-31 09:31:12.865,dongjianhua,STOR,RES305432.pdf
2025-07-31 09:31:12.901,dongjianhua,PASV,
2025-07-31 09:31:12.902,dongjianhua,STOR,RES305432.sha256
2025-07-31 09:31:12.918,chenfei,USER,chenfei
2025-07-31 09:31:12.920,chenfei,PASS,Yj^sR4%z*Wh5
2025-07-31 09:31:12.921,chenfei,PASV,
2025-07-31 09:31:12.921,chenfei,STOR,RES769902.pdf
2025-07-31 09:31:12.961,chenfei,PASV,
2025-07-31 09:31:12.961,chenfei,STOR,RES769902.sha256
2025-07-31 09:31:12.978,langxiulan,USER,langxiulan
2025-07-31 09:31:12.979,langxiulan,PASS,3!dDQ@x8pR5m
2025-07-31 09:31:12.980,langxiulan,PASV,
2025-07-31 09:31:12.981,langxiulan,STOR,RES642618.pdf
2025-07-31 09:31:13.018,langxiulan,PASV,
2025-07-31 09:31:13.020,langxiulan,STOR,RES642618.sha256
2025-07-31 09:31:13.036,chenjian,USER,chenjian
2025-07-31 09:31:13.037,chenjian,PASS,AX3Csd4Rn#5X
2025-07-31 09:31:13.038,chenjian,PASV,
2025-07-31 09:31:13.040,chenjian,STOR,RES501097.pdf
2025-07-31 09:31:13.074,chenjian,PASV,
2025-07-31 09:31:13.075,chenjian,STOR,RES501097.sha256
2025-07-31 09:31:13.091,wangyulan,USER,wangyulan
2025-07-31 09:31:13.092,wangyulan,PASS,yK8Jny6#!lXP
2025-07-31 09:31:13.094,wangyulan,PASV,
2025-07-31 09:31:13.094,wangyulan,STOR,RES136793.pdf
2025-07-31 09:31:13.128,wangyulan,PASV,
2025-07-31 09:31:13.131,wangyulan,STOR,RES136793.sha256
2025-07-31 09:31:13.146,sunhui,USER,sunhui
2025-07-31 09:31:13.147,sunhui,PASS,Vd6Y%k291tmr
2025-07-31 09:31:13.149,sunhui,PASV,
2025-07-31 09:31:13.150,sunhui,STOR,RES207876.pdf
2025-07-31 09:31:13.189,sunhui,PASV,
2025-07-31 09:31:13.190,sunhui,STOR,RES207876.sha256
2025-07-31 09:31:13.205,jihui,USER,jihui
2025-07-31 09:31:13.205,jihui,PASS,^IhH3f5Xtm69
2025-07-31 09:31:13.207,jihui,PASV,
2025-07-31 09:31:13.209,jihui,STOR,RES157171.pdf
2025-07-31 09:31:13.262,maguilan685,USER,maguilan685
2025-07-31 09:31:13.262,maguilan685,PASS,jvUkyOEUq7bd
2025-07-31 09:31:13.263,maguilan685,PASV,
2025-07-31 09:31:13.265,maguilan685,STOR,mwUYKXOn0G67YBV8R6o4IMD5Q8jzJjmGvqPWnsYkvCmimlu9K4.eml
2025-07-31 09:31:13.281,sunhui,USER,sunhui
2025-07-31 09:31:13.281,sunhui,PASS,Vd6Y%k291tmr
2025-07-31 09:31:13.283,sunhui,PASV,
2025-07-31 09:31:13.283,sunhui,STOR,dzhPvNNAcG2ZtDkDfenLXrngTuKYGQdGNCIXjeKDJPOxPPMAZhX5T5cKWgH.eml
2025-07-31 09:31:13.299,mahui,USER,mahui
2025-07-31 09:31:13.300,mahui,PASS,^GiPdO45QM2P
2025-07-31 09:31:13.301,mahui,PASV,
2025-07-31 09:31:13.302,mahui,STOR,RES750741.pdf
2025-07-31 09:31:13.354,sunrui573,USER,sunrui573
2025-07-31 09:31:13.355,sunrui573,PASS,fPDUM^zXZDG
2025-07-31 09:31:13.356,sunrui573,PASV,
2025-07-31 09:31:13.357,sunrui573,STOR,mghfBY7gw5L84x1uTJAGuGsD3hUb.eml
2025-07-31 09:31:13.386,lijuan863,USER,lijuan863
2025-07-31 09:31:13.387,lijuan863,PASS,*D0*&A$9FV5U
2025-07-31 09:31:13.388,lijuan863,PASV,
2025-07-31 09:31:13.388,lijuan863,STOR,6PjapSgQyPWKgAf2VXmE.eml
2025-07-31 09:31:13.405,sunhui,USER,sunhui
2025-07-31 09:31:13.406,sunhui,PASS,Vd6Y%k291tmr
2025-07-31 09:31:13.407,sunhui,PASV,
2025-07-31 09:31:13.408,sunhui,STOR,TAawncfaHUd1KYOU3I0Nii.eml
2025-07-31 09:31:13.424,liunan,USER,liunan
2025-07-31 09:31:13.425,liunan,PASS,YJ48QBjWG^50
2025-07-31 09:31:13.426,liunan,PASV,
2025-07-31 09:31:13.429,liunan,STOR,RES688280.pdf
2025-07-31 09:31:13.473,liunan,PASV,
2025-07-31 09:31:13.475,liunan,STOR,RES688280.sha256
2025-07-31 09:31:13.490,zhangyulan,USER,zhangyulan
2025-07-31 09:31:13.491,zhangyulan,PASS,sBK^oFbK5G@K
2025-07-31 09:31:13.492,zhangyulan,PASV,
2025-07-31 09:31:13.493,zhangyulan,STOR,RES377091.pdf
2025-07-31 09:31:13.537,zhangyulan,PASV,
2025-07-31 09:31:13.539,zhangyulan,STOR,RES377091.sha256
2025-07-31 09:31:13.556,chenjun,USER,chenjun
2025-07-31 09:31:13.556,chenjun,PASS,6D$unA4rMZwR
2025-07-31 09:31:13.558,chenjun,PASV,
2025-07-31 09:31:13.559,chenjun,STOR,RES741071.pdf
2025-07-31 09:31:13.599,chenjun,PASV,
2025-07-31 09:31:13.600,chenjun,STOR,RES741071.sha256
2025-07-31 09:31:13.617,chenqian,USER,chenqian
2025-07-31 09:31:13.618,chenqian,PASS,2A*NkSG5l@*D
2025-07-31 09:31:13.620,chenqian,PASV,
2025-07-31 09:31:13.621,chenqian,STOR,RES554600.pdf
2025-07-31 09:31:13.674,yuyong,USER,yuyong
2025-07-31 09:31:13.675,yuyong,PASS,JRu$9lTcDi#s
2025-07-31 09:31:13.676,yuyong,PASV,
2025-07-31 09:31:13.678,yuyong,STOR,RES823449.pdf
2025-07-31 09:31:13.722,yuyong,PASV,
2025-07-31 09:31:13.724,yuyong,STOR,RES823449.sha256
2025-07-31 09:31:13.740,leiyu963,USER,leiyu963
2025-07-31 09:31:13.741,leiyu963,PASS,1NGfGvhVCf@
2025-07-31 09:31:13.742,leiyu963,PASV,
2025-07-31 09:31:13.743,leiyu963,STOR,OZU1gRYDGLVcrFV2VUJAj5OQKCoCbo5iTSqapPSqtU54J6mmzmcnCJWgeehI.eml
2025-07-31 09:31:13.759,lijuan863,USER,lijuan863
2025-07-31 09:31:13.759,lijuan863,PASS,*D0*&A$9FV5U
2025-07-31 09:31:13.760,lijuan863,PASV,
2025-07-31 09:31:13.761,lijuan863,STOR,3xpPLbF0d2Qj2SYG3r0v.eml
2025-07-31 09:31:13.778,langxiulan,USER,langxiulan
2025-07-31 09:31:13.779,langxiulan,PASS,3!dDQ@x8pR5m
2025-07-31 09:31:13.781,langxiulan,PASV,
2025-07-31 09:31:13.781,langxiulan,STOR,RES266128.pdf
2025-07-31 09:31:13.833,langxiulan,USER,langxiulan
2025-07-31 09:31:13.835,langxiulan,PASS,3!dDQ@x8pR5m
2025-07-31 09:31:13.836,langxiulan,PASV,
2025-07-31 09:31:13.837,langxiulan,STOR,RES667180.pdf
2025-07-31 09:31:13.875,langxiulan,PASV,
2025-07-31 09:31:13.876,langxiulan,STOR,RES667180.sha256
2025-07-31 09:31:13.893,guli,USER,guli
2025-07-31 09:31:13.894,guli,PASS,5xL9Zh#e2PRa
2025-07-31 09:31:13.895,guli,PASV,
2025-07-31 09:31:13.896,guli,STOR,RES194408.pdf
2025-07-31 09:31:13.929,guli,PASV,
2025-07-31 09:31:13.929,guli,STOR,RES194408.sha256
2025-07-31 09:31:13.945,guanshuying,USER,guanshuying
2025-07-31 09:31:13.945,guanshuying,PASS,xlW4&DloQ6^6
2025-07-31 09:31:13.947,guanshuying,PASV,
2025-07-31 09:31:13.948,guanshuying,STOR,RES357234.pdf
2025-07-31 09:31:13.983,guanshuying,PASV,
2025-07-31 09:31:13.983,guanshuying,STOR,RES357234.sha256
2025-07-31 09:31:14.000,sunhui,USER,sunhui
2025-07-31 09:31:14.001,sunhui,PASS,Vd6Y%k291tmr
2025-07-31 09:31:14.002,sunhui,PASV,
2025-07-31 09:31:14.002,sunhui,STOR,nsfHxHbn4srmgc3DeBGw4q6kHn5NWHJTY0K7Y1H.eml
2025-07-31 09:31:14.018,yangxin,USER,yangxin
2025-07-31 09:31:14.019,yangxin,PASS,WfE@38LYTc3X
2025-07-31 09:31:14.020,yangxin,PASV,
2025-07-31 09:31:14.021,yangxin,STOR,RES948866.pdf
2025-07-31 09:31:14.065,yangxin,PASV,
2025-07-31 09:31:14.068,yangxin,STOR,RES948866.sha256
2025-07-31 09:31:14.083,guanshuying,USER,guanshuying
2025-07-31 09:31:14.083,guanshuying,PASS,xlW4&DloQ6^6
2025-07-31 09:31:14.085,guanshuying,PASV,
2025-07-31 09:31:14.086,guanshuying,STOR,RES333853.pdf
2025-07-31 09:31:14.124,guanshuying,PASV,
2025-07-31 09:31:14.125,guanshuying,STOR,RES333853.sha256
2025-07-31 09:31:14.142,lijuan863,USER,lijuan863
2025-07-31 09:31:14.142,lijuan863,PASS,*D0*&A$9FV5U
2025-07-31 09:31:14.142,lijuan863,PASV,
2025-07-31 09:31:14.144,lijuan863,STOR,glmnk9z74RM3YFWadKHupVVUpadAYfa4hZyvHldpyEUrWSt4MeGWk.eml
2025-07-31 09:31:14.252,chenqian,USER,chenqian
2025-07-31 09:31:14.252,chenqian,PASS,2A*NkSG5l@*D
2025-07-31 09:31:14.254,chenqian,PASV,
2025-07-31 09:31:14.255,chenqian,STOR,RES884672.pdf
2025-07-31 09:31:14.308,shifeng,USER,shifeng
2025-07-31 09:31:14.308,shifeng,PASS,XXfMKf@3!WrR
2025-07-31 09:31:14.309,shifeng,PASV,
2025-07-31 09:31:14.311,shifeng,STOR,RES308045.pdf
2025-07-31 09:31:14.352,shifeng,PASV,
2025-07-31 09:31:14.353,shifeng,STOR,RES308045.sha256
2025-07-31 09:31:14.370,jiangjianjun,USER,jiangjianjun
2025-07-31 09:31:14.371,jiangjianjun,PASS,^$Cip@e$hGD5
2025-07-31 09:31:14.372,jiangjianjun,PASV,
2025-07-31 09:31:14.373,jiangjianjun,STOR,RES298142.pdf
2025-07-31 09:31:14.407,jiangjianjun,PASV,
2025-07-31 09:31:14.408,jiangjianjun,STOR,RES298142.sha256
2025-07-31 09:31:14.424,jihui,USER,jihui
2025-07-31 09:31:14.425,jihui,PASS,^IhH3f5Xtm69
2025-07-31 09:31:14.426,jihui,PASV,
2025-07-31 09:31:14.428,jihui,STOR,RES999433.pdf
2025-07-31 09:31:14.469,jihui,PASV,
2025-07-31 09:31:14.470,jihui,STOR,RES999433.sha256
2025-07-31 09:31:14.486,maguilan685,USER,maguilan685
2025-07-31 09:31:14.486,maguilan685,PASS,jvUkyOEUq7bd
2025-07-31 09:31:14.487,maguilan685,PASV,
2025-07-31 09:31:14.487,maguilan685,STOR,ggE7qANE4rY7DWF9AxwKPYKJKj7NhrglF4ycwEcMqZkWUMx.eml
2025-07-31 09:31:14.504,sunhui,USER,sunhui
2025-07-31 09:31:14.504,sunhui,PASS,Vd6Y%k291tmr
2025-07-31 09:31:14.504,sunhui,PASV,
2025-07-31 09:31:14.506,sunhui,STOR,L6VcuUXAB644cCU94Y0hlwipkWh3owZEPppm4tO9JFywiqNed1UTl1g.eml
2025-07-31 09:31:14.522,liunan,USER,liunan
2025-07-31 09:31:14.523,liunan,PASS,YJ48QBjWG^50
2025-07-31 09:31:14.525,liunan,PASV,
2025-07-31 09:31:14.526,liunan,STOR,RES306420.pdf
2025-07-31 09:31:14.565,liunan,PASV,
2025-07-31 09:31:14.566,liunan,STOR,RES306420.sha256
2025-07-31 09:31:14.583,jihui,USER,jihui
2025-07-31 09:31:14.584,jihui,PASS,^IhH3f5Xtm69
2025-07-31 09:31:14.586,jihui,PASV,
2025-07-31 09:31:14.587,jihui,STOR,RES359482.pdf
2025-07-31 09:31:14.632,jihui,PASV,
2025-07-31 09:31:14.633,jihui,STOR,RES359482.sha256
2025-07-31 09:31:14.649,shifeng,USER,shifeng
2025-07-31 09:31:14.650,shifeng,PASS,XXfMKf@3!WrR
2025-07-31 09:31:14.651,shifeng,PASV,
2025-07-31 09:31:14.653,shifeng,STOR,RES509894.pdf
2025-07-31 09:31:14.713,jihui,USER,jihui
2025-07-31 09:31:14.713,jihui,PASS,^IhH3f5Xtm69
2025-07-31 09:31:14.714,jihui,PASV,
2025-07-31 09:31:14.716,jihui,STOR,RES310826.pdf
2025-07-31 09:31:14.756,jihui,PASV,
2025-07-31 09:31:14.757,jihui,STOR,RES310826.sha256
2025-07-31 09:31:14.772,sunhui,USER,sunhui
2025-07-31 09:31:14.773,sunhui,PASS,Vd6Y%k291tmr
2025-07-31 09:31:14.774,sunhui,PASV,
2025-07-31 09:31:14.774,sunhui,STOR,15Sh3FTWRNUR0ZGCbb7jPuMgcPUWcKInFOfnEvcT5q2noDYHSlvoolmYt3Eyfl.eml
2025-07-31 09:31:14.790,wangyulan,USER,wangyulan
2025-07-31 09:31:14.790,wangyulan,PASS,yK8Jny6#!lXP
2025-07-31 09:31:14.792,wangyulan,PASV,
2025-07-31 09:31:14.793,wangyulan,STOR,RES635506.pdf
2025-07-31 09:31:14.838,wangyulan,PASV,
2025-07-31 09:31:14.840,wangyulan,STOR,RES635506.sha256
2025-07-31 09:31:14.857,shifeng,USER,shifeng
2025-07-31 09:31:14.858,shifeng,PASS,XXfMKf@3!WrR
2025-07-31 09:31:14.859,shifeng,PASV,
2025-07-31 09:31:14.860,shifeng,STOR,RES405180.pdf
2025-07-31 09:31:14.902,shifeng,PASV,
2025-07-31 09:31:14.903,shifeng,STOR,RES405180.sha256
2025-07-31 09:31:14.919,gaoming,USER,gaoming
2025-07-31 09:31:14.920,gaoming,PASS,2ov&*f2T@H!i
2025-07-31 09:31:14.922,gaoming,PASV,
2025-07-31 09:31:14.923,gaoming,STOR,RES317032.pdf
2025-07-31 09:31:14.971,langxiulan,USER,langxiulan
2025-07-31 09:31:14.972,langxiulan,PASS,3!dDQ@x8pR5m
2025-07-31 09:31:14.973,langxiulan,PASV,
2025-07-31 09:31:14.974,langxiulan,STOR,RES284620.pdf
2025-07-31 09:31:15.013,langxiulan,PASV,
2025-07-31 09:31:15.013,langxiulan,STOR,RES284620.sha256
2025-07-31 09:31:15.029,jihui,USER,jihui
2025-07-31 09:31:15.030,jihui,PASS,^IhH3f5Xtm69
2025-07-31 09:31:15.032,jihui,PASV,
2025-07-31 09:31:15.033,jihui,STOR,RES880369.pdf
2025-07-31 09:31:15.074,jihui,PASV,
2025-07-31 09:31:15.075,jihui,STOR,RES880369.sha256
2025-07-31 09:31:15.090,maguilan685,USER,maguilan685
2025-07-31 09:31:15.091,maguilan685,PASS,jvUkyOEUq7bd
2025-07-31 09:31:15.092,maguilan685,PASV,
2025-07-31 09:31:15.093,maguilan685,STOR,IwAvptnqOVvKiiJtmXfCtHOVDvDx9TBXMPqzXvz.eml
2025-07-31 09:31:15.110,guanshuying,USER,guanshuying
2025-07-31 09:31:15.110,guanshuying,PASS,xlW4&DloQ6^6
2025-07-31 09:31:15.112,guanshuying,PASV,
2025-07-31 09:31:15.112,guanshuying,STOR,RES913425.pdf
2025-07-31 09:31:15.146,guanshuying,PASV,
2025-07-31 09:31:15.147,guanshuying,STOR,RES913425.sha256
2025-07-31 09:31:15.163,langxiulan,USER,langxiulan
2025-07-31 09:31:15.163,langxiulan,PASS,3!dDQ@x8pR5m
2025-07-31 09:31:15.164,langxiulan,PASV,
2025-07-31 09:31:15.167,langxiulan,STOR,RES553547.pdf
2025-07-31 09:31:15.208,langxiulan,PASV,
2025-07-31 09:31:15.209,langxiulan,STOR,RES553547.sha256
2025-07-31 09:31:15.225,zhanglong,USER,zhanglong
2025-07-31 09:31:15.226,zhanglong,PASS,tNk7r@#g1L&l
2025-07-31 09:31:15.227,zhanglong,PASV,
2025-07-31 09:31:15.228,zhanglong,STOR,RES326054.pdf
2025-07-31 09:31:15.297,guli,USER,guli
2025-07-31 09:31:15.298,guli,PASS,5xL9Zh#e2PRa
2025-07-31 09:31:15.299,guli,PASV,
2025-07-31 09:31:15.301,guli,STOR,RES618293.pdf
2025-07-31 09:31:15.368,sunhui,USER,sunhui
2025-07-31 09:31:15.369,sunhui,PASS,Vd6Y%k291tmr
2025-07-31 09:31:15.370,sunhui,PASV,
2025-07-31 09:31:15.370,sunhui,STOR,YmZJFfNUjAI3hatJqijGQetr7pocLc.eml
